entry time,time until re-identification
1.501246537396122,4.007276125493396
2.50207756232687,4.50876946316888
